Date,Open,High,Low,Close,Adj Close,Volume
2023-04-14,9.7,9.7,6.3,7.03,7.03,554703.0
2023-04-17,6.39,7.83,6.39,6.9,6.9,202033.0
2023-04-18,6.62,7.7,6.2,6.7,6.7,241378.0
2023-04-19,6.68,7.1,6.24,6.41,6.41,80959.0
2023-04-20,6.2,6.32,5.7,6.15,6.15,194657.0
2023-04-21,5.87,7.48,5.87,6.68,6.68,181762.0
2023-04-24,6.6,7.4,6.6,6.92,6.92,55888.0
2023-04-25,6.78,7.22,6.6,6.92,6.92,66938.0
2023-04-26,6.95,8.16,6.95,7.71,7.71,83995.0
2023-04-27,7.41,7.79,7.24,7.6,7.6,27247.0
2023-04-28,7.65,7.78,7.14,7.5,7.5,85493.0
2023-05-01,7.35,7.62,7.2,7.35,7.35,23906.0
2023-05-02,7.07,7.36,7.0,7.19,7.19,28389.0
2023-05-03,7.57,7.57,6.8,6.81,6.81,27522.0
2023-05-04,6.9,6.9,6.1,6.25,6.25,81024.0
2023-05-05,6.5,6.7,6.0,6.27,6.27,68429.0
2023-05-08,6.2,6.2,5.7,5.79,5.79,70648.0
2023-05-09,5.72,6.18,5.72,5.93,5.93,31719.0
2023-05-10,6.04,6.43,6.02,6.06,6.06,11538.0
2023-05-11,6.0,6.03,5.5,5.51,5.51,69623.0
2023-05-12,5.6,6.12,5.51,5.62,5.62,65512.0
2023-05-15,5.69,5.84,5.3,5.55,5.55,49317.0
2023-05-16,5.35,5.67,5.2,5.46,5.46,26657.0
2023-05-17,5.31,5.64,5.26,5.42,5.42,16241.0
2023-05-18,5.42,5.5,5.06,5.06,5.06,32228.0
2023-05-19,5.36,5.36,4.63,4.81,4.81,90759.0
2023-05-22,4.81,5.09,4.75,4.87,4.87,15318.0
2023-05-23,5.02,5.28,5.01,5.14,5.14,14840.0
2023-05-24,4.93,5.14,4.93,5.0,5.0,10609.0
2023-05-25,5.0,5.04,4.93,4.93,4.93,1937.0
2023-05-26,5.08,5.28,4.94,5.12,5.12,10696.0
2023-05-30,5.27,5.48,5.01,5.03,5.03,30787.0
2023-05-31,5.06,5.48,4.6,4.92,4.92,42362.0
2023-06-01,4.94,5.25,4.85,5.03,5.03,5878.0
2023-06-02,4.9,5.26,4.85,4.85,4.85,10545.0
2023-06-05,5.12,5.16,4.75,4.83,4.83,183627.0
2023-06-06,4.65,5.17,4.65,5.17,5.17,56703.0
2023-06-07,5.11,5.22,4.85,4.99,4.99,36986.0
2023-06-08,5.01,5.07,4.88,5.01,5.01,9406.0
2023-06-09,5.08,5.24,5.04,5.05,5.05,19991.0
2023-06-12,5.11,6.5,5.09,6.24,6.24,225785.0
2023-06-13,6.02,7.48,5.83,7.4,7.4,344990.0
2023-06-14,7.4,7.52,7.24,7.48,7.48,118050.0
2023-06-15,7.45,9.68,7.18,7.56,7.56,214441.0
2023-06-16,8.46,11.6,7.56,11.41,11.41,712299.0
2023-06-20,10.6,12.85,9.92,10.73,10.73,388415.0
2023-06-21,10.74,11.0,10.5,10.88,10.88,107508.0
2023-06-22,10.53,11.73,10.5,11.41,11.41,95860.0
2023-06-23,11.51,11.79,11.0,11.37,11.37,33350.0
2023-06-26,11.3,11.3,10.79,11.0,11.0,33968.0
2023-06-27,10.85,10.85,10.2,10.54,10.54,117769.0
2023-06-28,10.39,10.87,10.25,10.47,10.47,22948.0
2023-06-29,10.47,11.88,10.32,11.88,11.88,97814.0
2023-06-30,11.51,11.8,10.58,11.2,11.2,39066.0
2023-07-03,11.19,11.65,10.52,11.49,11.49,12542.0
2023-07-05,11.34,12.0,11.34,11.79,11.79,20283.0
2023-07-06,11.65,12.73,11.5,12.49,12.49,25546.0
2023-07-07,12.06,12.65,12.02,12.64,12.64,35173.0
2023-07-10,12.51,14.09,12.17,13.2,13.2,84941.0
2023-07-11,13.06,13.2,11.0,12.61,12.61,59231.0
2023-07-12,12.21,12.6,11.77,11.9,11.9,49308.0
2023-07-13,12.06,13.74,12.06,13.74,13.74,63934.0
2023-07-14,13.74,14.3,13.17,14.01,14.01,193944.0
2023-07-17,14.1,14.51,13.89,14.27,14.27,65208.0
2023-07-18,14.28,14.28,12.8,12.91,12.91,40736.0
2023-07-19,13.19,13.87,12.02,12.42,12.42,114119.0
2023-07-20,12.41,12.42,11.82,12.05,12.05,47984.0
2023-07-21,12.01,12.01,10.6,11.28,11.28,91796.0
2023-07-24,10.83,10.83,10.2,10.25,10.25,52235.0
2023-07-25,10.38,10.8,10.23,10.27,10.27,22642.0
2023-07-26,10.21,10.6,10.2,10.2,10.2,14752.0
2023-07-27,10.3,10.71,10.2,10.2,10.2,42391.0
2023-07-28,10.27,10.4,10.2,10.2,10.2,41306.0
2023-07-31,10.2,10.48,10.2,10.42,10.42,35168.0
2023-08-01,10.25,10.4,10.2,10.2,10.2,65463.0
2023-08-02,10.2,10.32,10.0,10.22,10.22,51763.0
2023-08-03,10.37,10.37,9.85,9.94,9.94,70706.0
2023-08-04,10.22,10.22,9.16,9.16,9.16,26082.0
2023-08-07,9.21,10.11,9.21,9.5,9.5,38443.0
2023-08-08,9.25,9.49,9.01,9.28,9.28,41357.0
2023-08-09,9.18,10.33,9.18,9.76,9.76,11219.0
2023-08-10,9.65,10.0,9.15,9.29,9.29,17456.0
2023-08-11,9.5,13.9,9.21,12.58,12.58,622786.0
2023-08-14,12.18,13.49,11.91,11.96,11.96,98183.0
2023-08-15,11.97,13.88,11.84,13.51,13.51,40694.0
2023-08-16,12.25,14.47,12.25,14.31,14.31,123668.0
2023-08-17,14.0,14.6,13.31,13.73,13.73,80505.0
2023-08-18,12.9,13.85,12.78,13.29,13.29,100451.0
2023-08-21,13.09,13.88,13.09,13.76,13.76,36203.0
2023-08-22,13.89,13.95,13.44,13.89,13.89,64254.0
2023-08-23,12.5,14.22,12.5,13.82,13.82,113959.0
2023-08-24,14.03,14.13,13.38,13.62,13.62,71775.0
2023-08-25,13.51,14.0,13.34,14.0,14.0,82987.0
2023-08-28,13.85,14.04,12.51,13.99,13.99,105635.0
2023-08-29,14.02,14.47,13.09,13.56,13.56,107456.0
2023-08-30,13.95,14.5,13.11,13.78,13.78,101560.0
2023-08-31,13.55,14.5,13.07,13.55,13.55,750698.0
2023-09-01,13.54,13.75,12.25,12.71,12.71,44252.0
2023-09-05,12.63,13.13,12.2,12.75,12.75,46116.0
2023-09-06,13.08,13.08,12.0,12.11,12.11,44178.0
2023-09-07,12.32,12.32,11.5,11.6,11.6,31647.0
2023-09-08,11.68,11.72,11.21,11.53,11.53,7958.0
2023-09-11,11.46,11.77,10.41,10.41,10.41,45662.0
2023-09-12,10.97,11.07,9.6,9.7,9.7,186335.0
2023-09-13,9.75,10.55,9.11,10.26,10.26,159526.0
2023-09-14,9.95,11.4,9.85,11.0,11.0,129450.0
2023-09-15,10.85,13.57,10.73,13.0,13.0,597601.0
2023-09-18,12.81,14.65,12.3,12.93,12.93,185564.0
2023-09-19,12.67,13.91,12.67,13.58,13.58,75626.0
2023-09-20,13.2,13.5,12.65,12.95,12.95,23831.0
2023-09-21,13.0,13.87,12.81,13.58,13.58,69270.0
2023-09-22,13.45,13.89,12.01,12.01,12.01,83191.0
2023-09-25,12.01,12.01,11.21,11.22,11.22,18417.0
2023-09-26,11.16,11.45,9.51,9.53,9.53,163145.0
2023-09-27,9.78,10.4,9.78,9.98,9.98,131916.0
2023-09-28,9.98,10.36,9.63,9.8,9.8,89076.0
2023-09-29,10.0,10.24,9.6,9.64,9.64,84441.0
2023-10-02,9.84,10.2,9.42,9.62,9.62,102357.0
2023-10-03,9.62,9.78,8.39,8.68,8.68,119410.0
2023-10-04,8.8,8.8,8.33,8.51,8.51,78449.0
2023-10-05,8.4,8.62,7.66,8.0,8.0,66202.0
2023-10-06,8.32,8.64,7.64,7.83,7.83,95011.0
2023-10-09,7.9,7.9,6.82,6.99,6.99,129420.0
2023-10-10,6.99,7.46,6.81,7.37,7.37,154212.0
2023-10-11,7.27,7.27,5.64,5.75,5.75,293685.0
2023-10-12,5.94,6.02,5.38,5.64,5.64,225834.0
2023-10-13,5.51,5.9,3.5,4.5,4.5,798326.0
2023-10-16,4.75,4.84,3.6,3.96,3.96,759048.0
2023-10-17,4.0,4.03,3.7,4.0,4.0,336302.0
2023-10-18,3.93,3.97,3.5,3.55,3.55,388250.0
2023-10-19,3.58,3.63,3.2,3.41,3.41,623079.0
2023-10-20,3.35,3.57,3.03,3.2,3.2,722362.0
2023-10-23,3.2,3.3,2.77,2.93,2.93,636676.0
2023-10-24,3.19,3.32,2.9001,3.1,3.1,892693.0
2023-10-25,3.12,3.81,2.91,3.72,3.72,793887.0
2023-10-26,3.78,3.88,3.15,3.19,3.19,842160.0
2023-10-27,3.31,3.955,3.24,3.78,3.78,580160.0
2023-10-30,3.97,4.0,3.55,3.62,3.62,797289.0
2023-10-31,3.56,4.0,3.56,3.74,3.74,282617.0
2023-11-01,3.85,4.01,3.71,3.83,3.83,936626.0
2023-11-02,4.0,4.015,3.76,3.82,3.82,797404.0
2023-11-03,3.82,4.01,3.82,3.99,3.99,500059.0
2023-11-06,4.07,4.153,3.76,3.89,3.89,764350.0
2023-11-07,3.87,4.04,3.775,3.8,3.8,349803.0
2023-11-08,3.81,3.969,3.71,3.77,3.77,254307.0
2023-11-09,4.0,4.0199,3.49,3.53,3.53,685296.0
2023-11-10,3.56,3.99,3.56,3.97,3.97,355042.0
2023-11-13,3.97,4.04,3.69,3.77,3.77,455902.0
2023-11-14,3.9,5.0,3.8301,5.0,5.0,693166.0
2023-11-15,5.0,5.23,4.15,4.28,4.28,1305227.0
2023-11-16,4.25,4.37,3.78,3.99,3.99,896540.0
2023-11-17,4.0,4.025,3.9,4.0,4.0,390092.0
2023-11-20,4.0,4.88,3.93,4.76,4.76,700016.0
2023-11-21,4.47,4.545,3.91,4.14,4.14,1009939.0
2023-11-22,4.14,4.29,3.97,4.11,4.11,514584.0
2023-11-24,4.13,4.46,4.1,4.32,4.32,520556.0
2023-11-27,4.2,4.31,4.12,4.18,4.18,406649.0
2023-11-28,4.24,4.77,4.18,4.55,4.55,720901.0
2023-11-29,4.61,4.81,4.5,4.7,4.7,501559.0
2023-11-30,4.8,4.8,4.26,4.5,4.5,1469141.0
2023-12-01,4.62,5.0,4.42,5.0,5.0,816067.0
2023-12-04,5.16,5.75,5.06,5.3,5.3,1680655.0
2023-12-05,5.3,5.68,5.2102,5.58,5.58,871606.0
2023-12-06,5.7,5.89,5.42,5.7,5.7,1277584.0
2023-12-07,5.42,5.8,5.21,5.77,5.77,1098962.0
2023-12-08,5.97,6.45,5.63,6.23,6.23,1259734.0
2023-12-11,5.9,5.95,5.44,5.55,5.55,1817602.0
2023-12-12,5.76,5.95,5.61,5.95,5.95,633929.0
2023-12-13,6.0,6.49,5.7042,6.49,6.49,651246.0
2023-12-14,6.49,6.7,6.15,6.59,6.59,1086934.0
2023-12-15,6.6,8.0,6.24,7.9,7.9,2300446.0
2023-12-18,7.54,8.14,7.3,7.79,7.79,1916752.0
2023-12-19,8.0,8.1,7.46,7.84,7.84,798786.0
2023-12-20,8.0,8.79,7.76,8.18,8.18,1789248.0
2023-12-21,8.2,8.75,7.8,8.45,8.45,1399642.0
2023-12-22,8.75,10.83,8.3,10.22,10.22,3370480.0
2023-12-26,10.65,12.99,10.65,11.44,11.44,4411444.0
2023-12-27,12.07,14.27,11.75,13.67,13.67,3352518.0
2023-12-28,12.8,13.5,12.54,13.22,13.22,2944808.0
2023-12-29,13.02,13.02,9.11,9.86,9.86,6553966.0
2024-01-02,10.6,10.687,8.4,8.88,8.88,4044271.0
2024-01-03,7.652,8.65,7.3,8.02,8.02,3959232.0
2024-01-04,8.23,8.54,7.66,8.02,8.02,2135849.0
2024-01-05,7.97,8.2,7.02,8.11,8.11,1554707.0
2024-01-08,8.25,9.165,7.55,9.08,9.08,2846174.0
2024-01-09,8.695,8.95,7.84,7.89,7.89,1675016.0
2024-01-10,7.79,8.05,7.115,7.64,7.64,1830213.0
2024-01-11,8.59,8.8,6.82,7.19,7.19,2708387.0
2024-01-12,6.99,7.02,6.03,6.15,6.15,1751044.0
2024-01-16,6.23,7.04,5.71,6.72,6.72,1770652.0
2024-01-17,6.26,6.687,6.13,6.53,6.53,667617.0
2024-01-18,6.51,7.2438,6.05,6.19,6.19,1114561.0
2024-01-19,6.48,6.57,6.02,6.4,6.4,621107.0
2024-01-22,6.3,6.95,6.23,6.8,6.8,560214.0
2024-01-23,6.53,6.69,6.14,6.15,6.15,1171188.0
2024-01-24,6.44,6.7399,6.23,6.24,6.24,403564.0
2024-01-25,6.48,6.7943,6.3201,6.6,6.6,424961.0
2024-01-26,7.0,7.6,6.84,7.6,7.6,1712783.0
2024-01-29,7.87,9.2,7.2,8.99,8.99,3178444.0
2024-01-30,8.8,9.8,8.09,8.98,8.98,2883585.0
2024-01-31,8.59,8.8,7.7579,8.19,8.19,2384844.0
2024-02-01,8.15,8.3891,7.61,7.94,7.94,1341388.0
2024-02-02,7.8,8.08,7.41,7.66,7.66,1196998.0
2024-02-05,7.39,7.46,6.86,6.93,6.93,1461007.0
2024-02-06,6.98,7.12,6.62,6.78,6.78,1351927.0
2024-02-07,6.9,7.2,6.61,7.09,7.09,818118.0
2024-02-08,7.67,8.7,7.65,8.25,8.25,2099838.0
2024-02-09,8.92,8.97,7.79,7.89,7.89,2768368.0
2024-02-12,8.0,9.7,7.94,9.16,9.16,3225508.0
2024-02-13,8.4,8.85,7.87,7.96,7.96,2296091.0
2024-02-14,8.9,9.17,8.42,8.75,8.75,2021591.0
2024-02-15,8.74,9.08,7.48,7.49,7.49,3663428.0
2024-02-16,7.73,7.78,6.9056,6.93,6.93,2909553.0
2024-02-20,7.16,7.5,6.9,7.17,7.17,1610292.0
2024-02-21,6.9,6.945,6.48,6.71,6.71,1333024.0
2024-02-22,6.75,6.96,6.56,6.78,6.78,995125.0
2024-02-23,6.75,6.75,6.35,6.48,6.48,1149874.0
2024-02-26,6.7,8.09,6.6,8.01,8.01,3203187.0
2024-02-27,8.36,8.55,7.71,7.86,7.86,3386172.0
2024-02-28,8.18,8.19,6.93,7.18,7.18,3149089.0
2024-02-29,7.39,7.6,6.58,6.62,6.62,2498706.0
2024-03-01,6.76,6.87,6.3201,6.76,6.76,1221923.0
2024-03-04,7.5,7.87,6.38,6.8,6.8,3670272.0
2024-03-05,6.5,6.8135,6.41,6.48,6.48,1937761.0
2024-03-06,6.67,6.92,6.17,6.59,6.59,1765947.0
2024-03-07,6.53,7.04,6.41,6.87,6.87,1152004.0
2024-03-08,7.0,7.5,6.97,7.36,7.36,1086517.0
2024-03-11,7.53,7.57,6.31,6.33,6.33,2856472.0
2024-03-12,6.6,6.61,5.69,6.29,6.29,1890458.0
2024-03-13,6.57,6.9499,6.53,6.74,6.74,1406804.0
2024-03-14,6.62,6.6599,6.19,6.46,6.46,1169356.0
2024-03-15,6.46,8.07,6.4,8.0,8.0,4299814.0
2024-03-18,7.75,7.77,6.95,7.4,7.4,2365575.0
2024-03-19,6.9,7.45,6.5,7.43,7.43,2110008.0
2024-03-20,7.3,8.34,7.0101,8.34,8.34,3394786.0
2024-03-21,7.94,8.15,7.684,7.95,7.95,2216790.0
2024-03-22,7.5,7.632,6.98,7.16,7.16,1679305.0
2024-03-25,7.25,7.38,6.9,7.21,7.21,1941058.0
2024-03-26,7.21,7.27,6.78,6.93,6.93,1521661.0
2024-03-27,7.0,7.1306,6.82,6.92,6.92,755282.0
2024-03-28,6.96,7.34,6.834,7.02,7.02,1734004.0
2024-04-01,6.95,7.08,6.65,6.96,6.96,1058536.0
2024-04-02,6.67,7.1,6.5,7.0,7.0,1005680.0
2024-04-03,6.97,7.2699,6.88,6.94,6.94,868433.0
2024-04-04,7.0,7.55,6.95,7.04,7.04,972071.0
2024-04-05,6.98,7.2191,6.9,7.05,7.05,423800.0
2024-04-08,7.1,7.38,7.01,7.1,7.1,1000622.0
2024-04-09,7.22,7.25,6.72,6.81,6.81,782885.0
2024-04-10,6.68,6.8463,6.58,6.67,6.67,699036.0
2024-04-11,6.68,6.73,6.46,6.57,6.57,676778.0
2024-04-12,6.59,6.6,5.9,6.04,6.04,1430103.0
2024-04-15,6.27,6.3299,5.6,5.65,5.65,1174078.0
2024-04-16,5.5,5.58,5.23,5.42,5.42,896969.0
2024-04-17,5.58,5.77,5.33,5.54,5.54,699560.0
2024-04-18,5.55,5.869,5.28,5.69,5.69,818120.0
2024-04-19,5.71,6.17,5.71,6.02,6.02,645157.0
2024-04-22,6.12,6.671,5.94,6.65,6.65,1029652.0
2024-04-23,6.55,6.99,6.44,6.71,6.71,957487.0
2024-04-24,6.59,6.83,6.41,6.48,6.48,614933.0
2024-04-25,6.21,6.505,6.1311,6.46,6.46,546033.0
2024-04-26,6.48,6.59,6.28,6.35,6.35,524024.0
2024-04-29,6.29,6.29,5.89,6.03,6.03,709473.0
2024-04-30,5.98,6.04,5.47,5.49,5.49,844973.0
2024-05-01,5.47,5.8228,5.35,5.5,5.5,617863.0
2024-05-02,5.6,5.786,5.44,5.64,5.64,610989.0
2024-05-03,5.78,5.8784,5.53,5.74,5.74,497727.0
2024-05-06,5.89,6.11,5.81,5.84,5.84,624559.0
2024-05-07,5.8,5.89,5.68,5.75,5.75,521042.0
2024-05-08,5.68,5.71,5.44,5.645,5.645,469468.0
2024-05-09,5.57,5.84,5.56,5.79,5.79,316608.0
2024-05-10,5.78,5.96,5.45,5.5,5.5,477898.0
2024-05-13,5.52,5.7,5.43,5.45,5.45,511029.0
2024-05-14,5.44,5.54,5.25,5.38,5.38,524484.0
2024-05-15,5.5,5.68,5.28,5.66,5.66,680100.0
2024-05-16,5.67,6.13,5.67,5.86,5.86,620399.0
2024-05-17,5.88,6.03,5.61,5.71,5.71,396946.0
2024-05-20,5.66,6.08,5.59,6.03,6.03,487008.0
2024-05-21,5.95,6.17,5.86,5.91,5.91,514032.0
2024-05-22,5.9,6.36,5.81,5.9,5.9,678446.0
2024-05-23,5.94,5.94,5.62,5.63,5.63,254533.0
2024-05-24,5.65,6.06,5.61,6.06,6.06,303150.0
2024-05-28,6.05,6.19,5.92,6.11,6.11,437734.0
2024-05-29,6.08,6.14,5.89,5.98,5.98,212362.0
2024-05-30,5.98,6.0841,5.78,5.82,5.82,311445.0
2024-05-31,6.44,6.75,6.06,6.13,6.13,1294432.0
2024-06-03,6.1,6.54,5.95,6.34,6.34,873544.0
2024-06-04,6.4,7.17,6.35,7.15,7.15,1816965.0
2024-06-05,7.27,7.3999,6.82,7.01,7.01,1086783.0
2024-06-06,7.09,7.49,6.9315,7.32,7.32,1309747.0
2024-06-07,7.44,7.68,7.0413,7.3,7.3,1016404.0
2024-06-10,6.97,7.42,6.96,7.29,7.29,744917.0
2024-06-11,7.09,7.56,6.75,7.54,7.54,1033200.0
2024-06-12,7.91,8.54,7.65,8.16,8.16,2602623.0
2024-06-13,8.18,10.1,8.18,9.85,9.85,4309387.0
2024-06-14,9.88,9.95,8.9,9.95,9.95,2278580.0
2024-06-17,9.61,9.74,8.29,9.38,9.38,2755500.0
2024-06-18,8.93,9.33,8.66,9.08,9.08,1623949.0
2024-06-20,8.99,10.11,8.99,9.86,9.86,2673462.0
2024-06-21,9.18,9.7999,8.68,9.51,9.51,3283305.0
2024-06-24,9.29,9.95,8.92,9.2,9.2,1823234.0
2024-06-25,9.5,10.065,9.2,10.03,10.03,5100553.0
2024-06-26,9.9,10.98,9.03,9.25,9.25,5258077.0
2024-06-27,9.56,10.69,9.35,9.78,9.78,4375251.0
2024-06-28,10.23,11.09,10.1,10.26,10.26,4985218.0
2024-07-01,10.4,11.135,9.82,10.59,10.59,3386497.0
2024-07-02,10.86,11.64,10.41,11.61,11.61,4348025.0
2024-07-03,11.22,11.85,10.71,11.83,11.83,2791413.0
2024-07-05,10.9,11.64,10.45,11.54,11.54,3143560.0
2024-07-08,11.8,12.85,11.8,12.42,12.42,4339374.0
2024-07-09,12.42,12.85,11.06,11.21,11.21,3342179.0
2024-07-10,11.6,11.6,10.71,10.91,10.91,1736343.0
2024-07-11,11.37,11.46,9.83,10.17,10.17,4538542.0
2024-07-12,10.19,10.77,9.8,10.57,10.57,2097987.0
2024-07-15,11.13,11.6683,11.02,11.48,11.48,2809846.0
2024-07-16,11.28,11.73,10.97,11.18,11.18,2560152.0
2024-07-17,10.94,11.45,10.17,10.32,10.32,3036585.0
2024-07-18,10.6,10.6,9.34,9.43,9.43,2353625.0
2024-07-19,9.44,11.075,9.2,10.985,10.985,3138149.0
2024-07-22,11.195,11.88,10.53,11.8,11.8,2015091.0
2024-07-23,11.49,11.93,10.89,10.9,10.9,2017034.0
2024-07-24,10.95,11.08,9.8,9.88,9.88,1920710.0
2024-07-25,9.68,10.13,9.13,9.65,9.65,1416914.0
2024-07-26,9.99,10.52,9.68,9.87,9.87,1263585.0
2024-07-29,10.29,10.35,9.54,9.6,9.6,758136.0
2024-07-30,9.51,9.78,9.02,9.08,9.08,1734593.0
2024-07-31,9.5,9.5745,9.03,9.08,9.08,2425068.0
2024-08-01,9.09,9.144,8.095,8.31,8.31,2523381.0
2024-08-02,8.0,8.15,7.105,7.355,7.355,3248769.0
2024-08-05,6.7,7.44,6.4,7.31,7.31,3273286.0
2024-08-06,7.5,8.93,7.27,8.38,8.38,3528045.0
2024-08-07,8.46,8.63,7.47,7.66,7.66,2808789.0
2024-08-08,7.86,8.5,7.66,8.44,8.44,1397413.0
2024-08-09,8.26,8.5475,7.81,7.89,7.89,1467351.0
2024-08-12,7.67,7.84,7.3,7.61,7.61,1080448.0
2024-08-13,7.87,8.32,7.66,7.89,7.89,1077836.0
2024-08-14,8.22,8.3,7.72,7.73,7.73,587005.0
2024-08-15,6.64,7.11,6.22,6.33,6.33,15364012.0
2024-08-16,6.3,6.58,6.08,6.46,6.46,6344767.0
2024-08-19,6.54,7.08,6.5,6.89,6.89,4432784.0
2024-08-20,7.0,7.12,6.58,6.73,6.73,2442907.0
2024-08-21,6.85,7.16,6.78,6.93,6.93,3265546.0
2024-08-22,6.96,7.47,6.8201,6.99,6.99,3996222.0
2024-08-23,7.04,7.62,6.92,7.54,7.54,3269646.0
2024-08-26,7.49,7.7,7.23,7.23,7.23,2538148.0
2024-08-27,7.065,7.245,6.99,7.03,7.03,1675775.0
2024-08-28,6.99,7.06,6.56,6.59,6.59,2732774.0
2024-08-29,6.76,7.065,6.555,6.61,6.61,1728392.0
2024-08-30,6.62,6.74,6.35,6.54,6.54,3416212.0
2024-09-03,6.4,6.4288,5.98,6.0,6.0,2659965.0
2024-09-04,5.86,6.07,5.77,5.86,5.86,1455689.0
2024-09-05,6.05,6.2,5.83,6.025,6.025,3023733.0
2024-09-06,6.08,6.15,5.4,5.45,5.45,3835934.0
2024-09-09,5.64,5.77,5.53,5.72,5.72,1496252.0
2024-09-10,5.77,6.28,5.62,6.27,6.27,3082451.0
2024-09-11,6.17,6.395,5.95,6.29,6.29,1791242.0
2024-09-12,6.26,6.87,6.232,6.66,6.66,2332755.0
2024-09-13,6.74,7.015,6.61,6.89,6.89,1640395.0
2024-09-16,6.8,6.99,6.34,6.91,6.91,1033313.0
2024-09-17,7.09,7.3,6.93,7.12,7.12,1620861.0
2024-09-18,7.06,7.51,7.05,7.12,7.12,2212225.0
2024-09-19,7.54,7.56,6.79,6.8,6.8,2115079.0
2024-09-20,6.8,7.22,6.715,7.13,7.13,1769878.0
2024-09-23,7.26,7.4,6.88,7.11,7.11,1111679.0
2024-09-24,7.12,7.32,7.07,7.31,7.31,1261057.0
2024-09-25,7.21,7.87,7.2,7.54,7.54,1599292.0
2024-09-26,7.88,8.18,7.68,8.0,8.0,4119641.0
2024-09-27,8.14,8.55,7.86,8.44,8.44,2619345.0
2024-09-30,7.65,8.02,7.35,7.83,7.83,4026602.0
2024-10-01,7.69,7.709,6.8,6.94,6.94,3663816.0
2024-10-02,6.98,7.175,6.8,6.93,6.93,1500579.0
2024-10-03,6.88,7.09,6.73,6.945,6.945,1428196.0
2024-10-04,7.13,7.46,7.03,7.3,7.3,1132191.0
2024-10-07,7.25,7.615,6.91,7.06,7.06,1297206.0
2024-10-08,7.04,7.33,6.81,7.07,7.07,917899.0
2024-10-09,7.05,7.14,6.68,6.77,6.77,1768387.0
2024-10-10,6.8,6.95,6.61,6.87,6.87,1237834.0
2024-10-11,6.76,7.58,6.72,7.57,7.57,1707974.0
2024-10-14,7.73,8.17,7.6,8.13,8.13,2421850.0
2024-10-15,8.13,8.31,7.54,7.77,7.77,2446104.0
2024-10-16,7.95,8.37,7.67,8.35,8.35,2174873.0
2024-10-17,8.27,8.27,7.76,8.07,8.07,2296453.0
2024-10-18,8.29,8.7897,8.08,8.68,8.68,2534839.0
2024-10-21,8.5,8.56,8.03,8.32,8.32,2385777.0
2024-10-22,8.24,8.3,7.9432,8.2,8.2,1537978.0
2024-10-23,8.05,8.125,7.5,7.72,7.72,2304574.0
2024-10-24,7.996,8.17,7.67,7.74,7.74,2149981.0
2024-10-25,7.73,7.91,7.47,7.53,7.53,1702416.0
2024-10-28,7.93,9.3795,7.874,9.37,9.37,5611438.0
2024-10-29,9.56,9.7,9.01,9.23,9.23,4578696.0
2024-10-30,8.93,9.06,8.61,8.68,8.68,2943679.0
2024-10-31,8.73,8.73,7.745,7.79,7.79,2314187.0
2024-11-01,7.92,8.19,7.8,7.83,7.83,3754400.0
2024-11-04,7.64,7.71,7.08,7.13,7.13,2488686.0
2024-11-05,7.31,7.85,7.31,7.81,7.81,4337877.0
2024-11-06,8.97,9.02,8.32,8.51,8.51,5421339.0
2024-11-07,8.52,9.19,8.28,8.9,8.9,3000883.0
2024-11-08,8.89,9.53,8.69,8.96,8.96,3390074.0
2024-11-11,9.99,11.61,9.86,11.34,11.34,10464856.0
2024-11-12,11.03,11.3999,10.53,10.97,10.97,7674713.0
2024-11-13,11.05,13.52,10.34,10.6,10.6,12326401.0
2024-11-14,11.3,11.64,10.45,10.74,10.74,5612487.0
2024-11-15,11.12,11.13,10.5,11.09,11.09,4442246.0
2024-11-18,10.75,12.52,8.79,11.85,11.85,11045567.0
2024-11-19,11.97,12.58,11.23,11.54,11.54,4606423.0
2024-11-20,12.06,13.61,11.775,11.89,11.89,7560647.0
2024-11-21,12.84,12.85,11.04,11.19,11.19,7714528.0
2024-11-22,10.84,12.25,10.56,11.54,11.54,13170307.0
2024-11-25,11.71,12.96,11.17,12.33,12.33,7715356.0
2024-11-26,12.01,12.01,11.12,11.16,11.16,3739904.0
2024-11-27,11.57,12.35,11.31,12.23,12.23,4054186.0
2024-11-29,13.1,15.5,12.9,14.27,14.27,15815319.0
2024-12-02,14.74,14.8,13.66,13.84,13.84,6770554.0
2024-12-03,13.4,15.35,13.13,14.79,14.79,8718538.0
2024-12-04,15.02,17.67,14.85,16.08,16.08,13465687.0
2024-12-05,18.115,19.49,16.96,16.98,16.98,12635910.0
2024-12-06,18.49,22.01,17.64,21.01,21.01,18455179.0
2024-12-09,22.54,22.86,19.89,20.63,20.63,14112475.0
2024-12-10,19.5,21.4,18.72,18.9,18.9,11067528.0
2024-12-11,20.0,22.3,18.42,19.93,19.93,11318595.0
2024-12-12,21.19,24.68,20.4,21.37,21.37,14962252.0
2024-12-13,22.23,23.65,20.43,20.92,20.92,11068406.0
2024-12-16,22.2,25.51,21.81,23.14,23.14,15233441.0
2024-12-17,24.65,24.75,19.75,21.22,21.22,15583910.0
2024-12-18,21.0,22.7,19.29,19.4,19.4,9397360.0
2024-12-19,20.445,20.8,18.01,18.14,18.14,9238843.0
2024-12-20,18.28,20.85,18.0,20.49,20.49,10439460.0
2024-12-23,20.4,20.94,19.42,20.52,20.52,5857584.0
2024-12-24,21.77,24.0,20.7,23.56,23.56,8080818.0
2024-12-26,22.9,25.12,22.71,24.46,24.46,6567021.0
2024-12-27,25.0,26.24,23.36,23.65,23.65,6917771.0
2024-12-30,22.9,22.99,20.15,22.29,22.29,9925708.0
2024-12-31,23.94,23.97,21.04,21.67,21.67,5366097.0
2025-01-02,22.03,25.18,21.52,22.87,22.87,7167126.0
2025-01-03,22.99,26.2,22.6,26.1,26.1,8221149.0
2025-01-06,26.2,26.99,22.905,23.28,23.28,11434826.0
2025-01-07,23.3,23.77,19.68,19.705,19.705,10060613.0
2025-01-08,19.5,20.3,17.8,18.58,18.58,9774533.0
2025-01-10,18.0334,18.79,16.89,18.5,18.5,9511502.0
2025-01-13,17.33,17.6799,16.39,17.11,17.11,5189033.0
2025-01-14,18.31,19.24,17.71,19.04,19.04,6493412.0
2025-01-15,20.14,21.35,19.57,20.84,20.84,8101821.0
2025-01-16,20.22,21.68,19.9,21.54,21.54,4321246.0
2025-01-17,22.5,23.19,20.33,20.9,20.9,9384905.0
2025-01-21,21.53,22.75,20.05,21.71,21.71,8784772.0
2025-01-22,21.54,22.53,19.1,20.54,20.54,10475677.0
2025-01-23,19.8,20.435,19.01,19.755,19.755,5970290.0
2025-01-24,20.17,21.68,19.6,20.66,20.66,6867144.0
2025-01-27,19.16,19.25,15.1,15.54,15.54,12032549.0
2025-01-28,16.4,17.655,15.56,16.67,16.67,7687744.0
2025-01-29,16.92,17.56,16.62,17.12,17.12,4231306.0
2025-01-30,17.75,18.5,17.56,18.17,18.17,6170780.0
2025-01-31,18.29,19.07,18.09,18.52,18.52,4830648.0
2025-02-03,16.9,17.97,16.29,17.77,17.77,6632936.0
2025-02-04,17.8,17.939,16.8,16.89,16.89,3906399.0
2025-02-05,17.17,17.75,15.88,16.25,16.25,5598064.0
2025-02-06,16.6,17.4452,15.94,16.26,16.26,3813428.0
2025-02-07,16.8,17.77,16.52,16.66,16.66,3333339.0
2025-02-10,16.72,17.65,16.34,17.41,17.41,4343546.0
2025-02-11,16.98,18.06,15.555,15.66,15.66,6871384.0
2025-02-12,15.95,16.51,15.75,16.16,16.16,3496824.0
2025-02-13,16.27,16.65,15.615,16.58,16.58,3319047.0
2025-02-14,16.52,16.92,16.12,16.5,16.5,2966104.0
2025-02-18,16.44,16.58,14.87,15.03,15.03,5365792.0
2025-02-19,15.12,15.38,14.5,14.92,14.92,8803256.0
2025-02-20,15.13,15.42,13.79,14.93,14.93,7812447.0
2025-02-21,15.29,15.305,13.02,13.09,13.09,8435750.0
2025-02-24,13.09,13.45,12.26,13.1,13.1,8511972.0
2025-02-25,10.492,11.26,9.05,9.26,9.26,16957589.0
2025-02-26,10.03,10.66,9.92,10.25,10.25,12162217.0
2025-02-27,10.8,12.01,10.75,10.89,10.89,10639746.0
2025-02-28,10.59,12.58,10.5,12.31,12.31,10685782.0
2025-03-03,13.5,13.86,11.16,11.32,11.32,7651829.0
2025-03-04,10.79,11.91,10.46,11.38,11.38,5853700.0
2025-03-05,11.42,11.74,11.02,11.68,11.68,4493367.0
2025-03-06,10.97,11.7,10.65,10.95,10.95,6746046.0
2025-03-07,11.09,11.18,10.465,11.0,11.0,2679410.0
2025-03-10,10.49,10.57,9.75,10.005,10.005,6308211.0
2025-03-11,10.29,10.71,9.9,10.57,10.57,3138175.0
2025-03-12,10.73,11.41,10.23,10.71,10.71,4057502.0
2025-03-13,10.58,10.69,9.75,9.78,9.78,5610713.0
2025-03-14,10.07,10.39,9.89,10.35,10.35,3703176.0
2025-03-17,10.26,10.535,9.99,10.48,10.48,3095088.0
2025-03-18,10.47,10.47,9.425,9.485,9.485,5085839.0
2025-03-19,9.99,10.6601,9.81,10.57,10.57,3586708.0
2025-03-20,10.12,10.585,9.985,10.0,10.0,3076271.0
2025-03-21,9.716,10.06,9.56,10.01,10.01,4164569.0
2025-03-24,10.555,11.68,10.4005,11.65,11.65,4997767.0
2025-03-25,11.42,11.79,10.96,10.99,10.99,3273371.0
2025-03-26,10.915,11.09,10.02,10.15,10.15,3781266.0
2025-03-27,9.8,10.27,9.75,9.92,9.92,3915264.0
2025-03-28,9.58,9.625,9.01,9.14,9.14,4200266.0
2025-03-31,8.8,8.96,8.46,8.83,8.83,4436172.0
2025-04-01,8.95,9.08,8.49,8.96,8.96,3135143.0
2025-04-02,8.69,9.51,8.69,9.48,9.48,3304686.0
2025-04-03,8.61,9.0281,8.542,8.77,8.77,3342061.0
2025-04-04,8.52,8.61,7.33,8.03,8.03,7627172.0
2025-04-07,7.3,8.74,7.2226,8.28,8.28,4379525.0
2025-04-08,8.575,8.59,7.2,7.34,7.34,3222361.0
2025-04-09,7.32,8.935,7.0,8.83,8.83,7016680.0
2025-04-10,8.245,8.515,7.22,7.6,7.6,5597801.0
2025-04-11,7.68,7.99,7.42,7.95,7.95,6577137.0
2025-04-14,8.38,8.4,7.72,7.87,7.87,3667616.0
2025-04-15,7.81,7.9,7.135,7.2,7.2,3893319.0
2025-04-16,7.05,7.475,6.84,7.38,7.38,6431844.0
2025-04-17,7.39,7.695,7.15,7.62,7.62,2954380.0
2025-04-21,7.8,8.22,7.56,7.6,7.6,4811444.0
2025-04-22,7.94,9.56,7.91,9.38,9.38,8488775.0
2025-04-23,9.96,10.545,9.61,9.84,9.84,8963356.0
2025-04-24,9.7,10.55,9.59,10.4,10.4,6290667.0
2025-04-25,10.66,10.81,10.16,10.53,10.53,5235967.0
2025-04-28,10.52,10.52,9.5,10.02,10.02,3880896.0
2025-04-29,10.02,10.165,9.64,9.85,9.85,2620538.0
2025-04-30,9.4,9.65,9.08,9.57,9.57,2543670.0
2025-05-01,10.13,10.72,9.84,10.18,10.18,5673547.0
2025-05-02,10.33,11.35,10.19,10.97,10.97,4391017.0
2025-05-05,10.52,10.6491,9.87,10.25,10.25,3307912.0
2025-05-06,10.0,11.115,9.9,10.92,10.92,4528830.0
2025-05-07,10.9,11.375,10.545,11.35,11.35,3890770.0
2025-05-08,12.05,13.83,11.71,13.54,13.54,9112734.0
2025-05-09,13.96,14.5999,13.62,14.12,14.12,9984092.0
2025-05-12,15.1,15.25,13.885,14.18,14.18,6962707.0
2025-05-13,14.285,14.79,13.92,14.43,14.43,3941725.0
2025-05-14,14.26,14.75,14.01,14.09,14.09,5479329.0
2025-05-15,13.82,13.9,12.335,13.73,13.73,8973355.0
2025-05-16,13.96,15.23,13.62,15.19,15.19,5303966.0
2025-05-19,14.8,15.5,14.28,15.32,15.32,4304735.0
2025-05-20,15.35,15.765,14.6,15.59,15.59,3901135.0
2025-05-21,15.03,16.23,14.6724,14.75,14.75,8068923.0
2025-05-22,15.27,15.8,15.02,15.08,15.08,3983625.0
2025-05-23,14.34,14.7755,14.14,14.46,14.46,3113204.0
2025-05-27,15.04,15.15,14.56,15.0,15.0,3372828.0
2025-05-28,14.91,15.01,14.19,14.3,14.3,3672376.0
2025-05-29,14.6,15.05,14.24,14.31,14.31,4613912.0
2025-05-30,14.05,14.07,12.76,12.86,12.86,6605465.0
2025-06-02,12.7,12.9,12.22,12.76,12.76,2922110.0
2025-06-03,13.03,13.19,12.68,12.91,12.91,3037861.0
2025-06-04,12.6,13.28,12.495,13.25,13.25,4101341.0
2025-06-05,13.53,13.55,12.335,12.63,12.63,3073908.0
2025-06-06,12.965,14.26,12.93,13.99,13.99,4349691.0
2025-06-09,14.5,14.51,13.59,14.01,14.01,4042293.0
2025-06-10,14.5,14.75,13.8,14.3,14.3,3539851.0
2025-06-11,14.3,14.35,13.68,13.83,13.83,2328328.0
2025-06-12,13.435,13.8,13.22,13.29,13.29,2006008.0
2025-06-13,12.925,13.235,12.6,12.68,12.68,2286191.0
2025-06-16,12.97,13.57,12.8,13.56,13.56,1989729.0
2025-06-17,13.2,13.25,12.51,12.7,12.7,2252477.0
2025-06-18,11.8,11.99,11.28,11.795,11.795,11664668.0
2025-06-20,12.03,12.08,11.225,11.28,11.28,5398219.0
2025-06-23,10.835,11.18,10.48,10.91,10.91,5267625.0
2025-06-24,11.15,11.405,10.97,10.98,10.98,3707573.0
2025-06-25,11.29,11.36,10.715,10.74,10.74,5626198.0
2025-06-26,10.68,11.31,10.41,11.21,11.21,6804512.0
2025-06-27,11.32,11.35,10.82,11.09,11.09,15676448.0
2025-06-30,11.16,11.7,11.12,11.48,11.48,4041044.0
2025-07-01,11.13,11.625,10.8,11.3,11.3,3652610.0
2025-07-02,11.51,13.37,11.35,13.08,13.08,11407492.0
2025-07-03,13.29,14.1,13.16,13.77,13.77,4965394.0
2025-07-07,13.07,13.36,12.3,13.125,13.125,4808130.0
2025-07-08,13.4,13.55,12.435,12.68,12.68,4019183.0
2025-07-09,13.035,13.0377,12.16,12.97,12.97,3745349.0
2025-07-10,13.06,13.49,12.83,13.17,13.17,5768129.0
2025-07-11,13.91,14.477,13.07,13.24,13.24,4483361.0
2025-07-14,13.7,14.47,13.17,13.51,13.51,6420447.0
2025-07-15,13.32,13.39,12.48,12.55,12.55,4556074.0
2025-07-16,13.05,13.795,12.92,13.5,13.5,5183438.0
2025-07-17,13.52,13.85,13.3,13.75,13.75,3536140.0
2025-07-18,13.9,14.57,13.39,13.7,13.7,5344310.0
2025-07-21,13.99,15.17,13.71,13.75,13.75,7366089.0
2025-07-22,13.95,14.8903,13.6,14.65,14.65,6649142.0
2025-07-23,14.55,14.77,13.77,14.75,14.75,3153691.0
2025-07-24,14.75,15.63,14.73,15.16,15.16,5520828.0
2025-07-25,14.91,14.97,14.266,14.64,14.64,2847085.0
2025-07-28,15.05,15.19,14.11,14.18,14.18,2743468.0
2025-07-29,14.5,14.5,13.355,13.43,13.43,3475047.0
2025-07-30,13.37,13.72,12.785,13.08,13.08,2841014.0
2025-07-31,13.26,13.46,12.89,12.89,12.89,2569677.0
2025-08-01,12.1,12.56,11.88,12.11,12.11,3848161.0
2025-08-04,12.39,13.0,12.19,12.98,12.98,2790038.0
2025-08-05,12.89,13.0,12.44,12.74,12.74,2075870.0
2025-08-06,12.84,13.255,12.6,12.97,12.97,2752135.0
2025-08-07,13.02,13.25,12.6,12.94,12.94,1671052.0
2025-08-08,12.99,13.025,12.22,12.57,12.57,2375860.0
2025-08-11,12.82,13.565,12.755,12.79,12.79,3825894.0
2025-08-12,12.84,13.42,12.8,13.21,13.21,2154890.0
2025-08-13,13.35,14.0,13.25,13.98,13.98,4627798.0
2025-08-14,13.67,14.0594,13.22,13.78,13.78,2239280.0
2025-08-15,13.84,13.84,13.05,13.39,13.39,2788949.0
2025-08-18,13.7,14.77,12.66,14.36,14.36,6188217.0
2025-08-19,14.05,14.155,12.6,12.935,12.935,5139189.0
2025-08-20,12.88,12.995,12.145,12.94,12.94,3211527.0
2025-08-21,12.795,12.795,12.29,12.61,12.61,2632362.0
2025-08-22,12.53,13.66,12.34,13.35,13.35,3781310.0
2025-08-25,13.03,13.37,12.62,13.12,13.12,2005996.0
2025-08-26,12.82,13.08,12.68,12.95,12.95,2272011.0
2025-08-27,13.0,13.855,12.78,13.55,13.55,3567324.0
2025-08-28,13.75,14.3632,13.475,13.68,13.68,4949793.0
2025-08-29,13.6,14.345,13.22,14.29,14.29,5553294.0
2025-09-02,13.73,14.65,13.445,14.24,14.24,4053726.0
2025-09-03,14.6,14.71,13.18,13.26,13.26,4719527.0
2025-09-04,13.0,13.33,11.945,11.995,11.995,4290235.0
2025-09-05,12.6,12.7,11.85,12.35,12.35,3541517.0
2025-09-08,12.35,12.935,12.015,12.7,12.7,2470138.0
2025-09-09,12.93,13.97,12.73,13.85,13.85,4848759.0
2025-09-10,14.09,14.22,13.61,13.64,13.64,4577275.0
2025-09-11,13.87,14.36,13.53,14.11,14.11,4698949.0
2025-09-12,14.26,16.18,14.05,16.15,16.15,9436205.0
2025-09-15,16.54,16.79,15.56,15.93,15.93,6737308.0
2025-09-16,15.845,16.585,15.16,16.38,16.38,5452781.0
2025-09-17,16.195,17.19,15.8035,16.94,16.94,7603982.0
2025-09-18,17.21,17.21,16.2,16.92,16.92,7602870.0
2025-09-19,17.0,17.05,16.31,16.45,16.45,5882669.0
2025-09-22,16.75,17.995,15.9414,17.96,17.96,9441865.0
2025-09-23,18.81,18.84,16.55,16.57,16.57,7419381.0
2025-09-24,16.8,17.92,16.61,17.52,17.52,5785490.0
2025-09-25,16.72,16.865,16.05,16.57,16.57,5848464.0
2025-09-26,16.325,16.85,15.65,16.25,16.25,4244421.0
2025-09-29,16.5,17.36,16.39,17.31,17.31,3724084.0
2025-09-30,17.085,17.19,16.57,17.09,17.09,3923407.0
2025-10-01,17.32,19.0,17.2,18.0,18.0,6726771.0
2025-10-02,18.31,19.01,17.5,17.61,17.61,5966125.0
2025-10-03,17.9,20.39,17.55,19.42,19.42,11922592.0
2025-10-06,20.41,21.225,19.37,20.89,20.89,7934021.0
2025-10-07,20.92,21.13,19.36,20.61,20.61,8284485.0
2025-10-08,20.3,20.8,19.59,19.95,19.95,8735985.0
2025-10-09,19.905,20.53,18.5901,20.51,20.51,6118974.0
2025-10-10,20.83,22.15,17.7,17.78,17.78,11543302.0
2025-10-13,18.4,20.685,17.945,20.45,20.45,11959952.0
2025-10-14,18.5,20.98,18.0,20.12,20.12,7373796.0
2025-10-15,24.8,27.8,24.15,25.9,25.9,32869849.0
2025-10-16,26.075,26.55,24.68,25.88,25.88,13345361.0
2025-10-17,24.055,25.0,22.9,24.02,24.02,8336636.0
2025-10-20,25.76,26.81,24.9,25.57,25.57,8538458.0
